series_id,surface
0,tiled
1,tiled
2,fine_concrete
3,wood
4,soft_pvc
5,concrete
6,fine_concrete
7,concrete
8,soft_tiles
9,wood
10,soft_pvc
11,concrete
12,wood
13,soft_tiles
14,tiled
15,soft_pvc
16,concrete
17,wood
18,fine_concrete
19,tiled
20,soft_pvc
21,carpet
22,fine_concrete
23,hard_tiles_large_space
24,concrete
25,tiled
26,concrete
27,tiled
28,wood
29,wood
30,fine_concrete
31,soft_tiles
32,concrete
33,soft_pvc
34,soft_tiles
35,soft_tiles
36,carpet
37,tiled
38,soft_pvc
39,soft_pvc
40,carpet
41,soft_tiles
42,concrete
43,wood
44,soft_pvc
45,wood
46,carpet
47,carpet
48,wood
49,wood
50,wood
51,soft_tiles
52,fine_concrete
53,tiled
54,wood
55,concrete
56,tiled
57,wood
58,wood
59,concrete
60,carpet
61,concrete
62,tiled
63,concrete
64,concrete
65,soft_pvc
66,soft_tiles
67,soft_tiles
68,soft_pvc
69,hard_tiles_large_space
70,tiled
71,soft_pvc
72,hard_tiles_large_space
73,wood
74,fine_concrete
75,wood
76,tiled
77,soft_pvc
78,concrete
79,soft_pvc
80,soft_tiles
81,tiled
82,fine_concrete
83,fine_concrete
84,concrete
85,soft_tiles
86,wood
87,concrete
88,soft_pvc
89,concrete
90,wood
91,concrete
92,wood
93,tiled
94,fine_concrete
95,concrete
96,soft_pvc
97,tiled
98,wood
99,wood
100,fine_concrete
101,hard_tiles_large_space
102,wood
103,wood
104,fine_concrete
105,concrete
106,concrete
107,wood
108,wood
109,tiled
110,wood
111,tiled
112,soft_pvc
113,fine_concrete
114,wood
115,soft_tiles
116,soft_pvc
117,soft_tiles
118,tiled
119,soft_tiles
120,wood
121,wood
122,concrete
123,fine_concrete
124,wood
125,tiled
126,tiled
127,wood
128,hard_tiles_large_space
129,concrete
130,soft_pvc
131,fine_concrete
132,wood
133,carpet
134,fine_concrete
135,soft_tiles
136,fine_concrete
137,carpet
138,soft_tiles
139,fine_concrete
140,soft_tiles
141,wood
142,fine_concrete
143,wood
144,hard_tiles_large_space
145,tiled
146,concrete
147,concrete
148,fine_concrete
149,concrete
150,soft_pvc
151,fine_concrete
152,carpet
153,soft_tiles
154,soft_tiles
155,soft_tiles
156,tiled
157,tiled
158,tiled
159,soft_pvc
160,soft_pvc
161,fine_concrete
162,tiled
163,soft_tiles
164,fine_concrete
165,soft_pvc
166,tiled
167,hard_tiles_large_space
168,wood
169,hard_tiles_large_space
170,wood
171,soft_tiles
172,wood
173,soft_tiles
174,soft_pvc
175,concrete
176,concrete
177,hard_tiles_large_space
178,concrete
179,fine_concrete
180,concrete
181,tiled
182,wood
183,soft_tiles
184,concrete
185,fine_concrete
186,tiled
187,soft_pvc
188,wood
189,concrete
190,tiled
191,wood
192,wood
193,concrete
194,fine_concrete
195,fine_concrete
196,wood
197,soft_tiles
198,carpet
199,soft_tiles
200,hard_tiles_large_space
201,soft_pvc
202,wood
203,fine_concrete
204,soft_tiles
205,concrete
206,soft_pvc
207,fine_concrete
208,carpet
209,hard_tiles_large_space
210,fine_concrete
211,wood
212,soft_pvc
213,carpet
214,wood
215,soft_tiles
216,soft_tiles
217,wood
218,wood
219,fine_concrete
220,soft_pvc
221,wood
222,hard_tiles_large_space
223,soft_pvc
224,soft_tiles
225,wood
226,wood
227,fine_concrete
228,fine_concrete
229,tiled
230,concrete
231,tiled
232,concrete
233,soft_pvc
234,fine_concrete
235,soft_tiles
236,soft_pvc
237,tiled
238,soft_pvc
239,fine_concrete
240,wood
241,tiled
242,tiled
243,soft_pvc
244,wood
245,fine_concrete
246,fine_concrete
247,tiled
248,carpet
249,concrete
250,fine_concrete
251,fine_concrete
252,wood
253,fine_concrete
254,concrete
255,soft_tiles
256,fine_concrete
257,soft_pvc
258,fine_concrete
259,soft_tiles
260,concrete
261,concrete
262,soft_tiles
263,concrete
264,concrete
265,wood
266,fine_concrete
267,tiled
268,tiled
269,soft_tiles
270,carpet
271,soft_tiles
272,concrete
273,soft_tiles
274,hard_tiles_large_space
275,concrete
276,tiled
277,wood
278,wood
279,soft_pvc
280,concrete
281,soft_pvc
282,hard_tiles_large_space
283,carpet
284,wood
285,wood
286,fine_concrete
287,concrete
288,tiled
289,tiled
290,fine_concrete
291,fine_concrete
292,tiled
293,soft_tiles
294,concrete
295,soft_pvc
296,soft_pvc
297,tiled
298,wood
299,concrete
300,tiled
301,wood
302,wood
303,fine_concrete
304,concrete
305,soft_pvc
306,tiled
307,hard_tiles_large_space
308,concrete
309,concrete
310,hard_tiles_large_space
311,fine_concrete
312,wood
313,soft_pvc
314,soft_tiles
315,concrete
316,wood
317,wood
318,concrete
319,fine_concrete
320,hard_tiles_large_space
321,wood
322,soft_pvc
323,soft_tiles
324,tiled
325,wood
326,concrete
327,fine_concrete
328,concrete
329,carpet
330,hard_tiles_large_space
331,fine_concrete
332,wood
333,soft_tiles
334,concrete
335,concrete
336,tiled
337,tiled
338,hard_tiles_large_space
339,wood
340,wood
341,hard_tiles_large_space
342,soft_tiles
343,soft_tiles
344,wood
345,concrete
346,fine_concrete
347,wood
348,concrete
349,wood
350,hard_tiles_large_space
351,soft_pvc
352,tiled
353,soft_pvc
354,wood
355,fine_concrete
356,soft_pvc
357,soft_tiles
358,wood
359,soft_pvc
360,tiled
361,concrete
362,concrete
363,wood
364,tiled
365,fine_concrete
366,fine_concrete
367,carpet
368,wood
369,concrete
370,hard_tiles_large_space
371,soft_pvc
372,fine_concrete
373,concrete
374,tiled
375,wood
376,soft_tiles
377,tiled
378,concrete
379,hard_tiles_large_space
380,hard_tiles_large_space
381,soft_tiles
382,wood
383,hard_tiles_large_space
384,concrete
385,concrete
386,fine_concrete
387,soft_tiles
388,fine_concrete
389,tiled
390,soft_tiles
391,wood
392,concrete
393,soft_tiles
394,concrete
395,soft_tiles
396,soft_pvc
397,fine_concrete
398,concrete
399,concrete
400,soft_pvc
401,fine_concrete
402,wood
403,wood
404,hard_tiles_large_space
405,soft_tiles
406,wood
407,concrete
408,carpet
409,soft_tiles
410,fine_concrete
411,carpet
412,tiled
413,soft_pvc
414,carpet
415,hard_tiles_large_space
416,fine_concrete
417,soft_pvc
418,soft_tiles
419,hard_tiles_large_space
420,soft_tiles
421,concrete
422,concrete
423,soft_pvc
424,concrete
425,soft_pvc
426,wood
427,soft_tiles
428,fine_concrete
429,concrete
430,concrete
431,tiled
432,soft_pvc
433,concrete
434,soft_tiles
435,wood
436,concrete
437,soft_tiles
438,soft_tiles
439,soft_pvc
440,carpet
441,soft_tiles
442,soft_pvc
443,soft_pvc
444,wood
445,soft_pvc
446,tiled
447,hard_tiles_large_space
448,wood
449,wood
450,wood
451,tiled
452,wood
453,wood
454,soft_tiles
455,concrete
456,concrete
457,fine_concrete
458,soft_pvc
459,fine_concrete
460,soft_tiles
461,tiled
462,tiled
463,wood
464,fine_concrete
465,concrete
466,concrete
467,soft_tiles
468,soft_tiles
469,soft_tiles
470,wood
471,carpet
472,carpet
473,tiled
474,tiled
475,wood
476,wood
477,concrete
478,wood
479,soft_pvc
480,fine_concrete
481,concrete
482,concrete
483,hard_tiles_large_space
484,wood
485,carpet
486,hard_tiles_large_space
487,concrete
488,wood
489,concrete
490,carpet
491,soft_pvc
492,concrete
493,concrete
494,soft_pvc
495,carpet
496,wood
497,concrete
498,concrete
499,fine_concrete
500,concrete
501,wood
502,tiled
503,wood
504,soft_pvc
505,fine_concrete
506,concrete
507,concrete
508,fine_concrete
509,soft_pvc
510,fine_concrete
511,wood
512,soft_tiles
513,soft_tiles
514,wood
515,tiled
516,soft_tiles
517,wood
518,tiled
519,wood
520,concrete
521,soft_tiles
522,fine_concrete
523,wood
524,concrete
525,fine_concrete
526,wood
527,tiled
528,wood
529,concrete
530,wood
531,tiled
532,hard_tiles_large_space
533,wood
534,concrete
535,hard_tiles_large_space
536,concrete
537,wood
538,fine_concrete
539,wood
540,hard_tiles_large_space
541,carpet
542,soft_pvc
543,concrete
544,soft_tiles
545,soft_pvc
546,wood
547,soft_pvc
548,soft_tiles
549,wood
550,wood
551,soft_tiles
552,concrete
553,tiled
554,soft_tiles
555,concrete
556,wood
557,wood
558,hard_tiles_large_space
559,wood
560,fine_concrete
561,fine_concrete
562,concrete
563,tiled
564,concrete
565,soft_pvc
566,tiled
567,tiled
568,wood
569,wood
570,tiled
571,wood
572,soft_pvc
573,soft_pvc
574,wood
575,soft_pvc
576,tiled
577,concrete
578,tiled
579,wood
580,soft_tiles
581,concrete
582,wood
583,soft_tiles
584,concrete
585,fine_concrete
586,tiled
587,soft_pvc
588,wood
589,concrete
590,tiled
591,tiled
592,soft_pvc
593,hard_tiles_large_space
594,soft_pvc
595,hard_tiles_large_space
596,concrete
597,wood
598,tiled
599,concrete
600,hard_tiles_large_space
601,carpet
602,soft_tiles
603,soft_tiles
604,wood
605,hard_tiles_large_space
606,wood
607,carpet
608,fine_concrete
609,wood
610,fine_concrete
611,hard_tiles_large_space
612,soft_pvc
613,soft_pvc
614,soft_pvc
615,hard_tiles_large_space
616,concrete
617,concrete
618,concrete
619,wood
620,concrete
621,fine_concrete
622,concrete
623,wood
624,fine_concrete
625,wood
626,soft_pvc
627,soft_pvc
628,wood
629,soft_tiles
630,concrete
631,wood
632,wood
633,wood
634,concrete
635,concrete
636,wood
637,tiled
638,soft_pvc
639,tiled
640,fine_concrete
641,tiled
642,concrete
643,soft_pvc
644,wood
645,wood
646,wood
647,concrete
648,fine_concrete
649,hard_tiles_large_space
650,hard_tiles_large_space
651,soft_pvc
652,concrete
653,fine_concrete
654,hard_tiles_large_space
655,wood
656,tiled
657,carpet
658,hard_tiles_large_space
659,concrete
660,fine_concrete
661,concrete
662,soft_pvc
663,concrete
664,concrete
665,tiled
666,soft_tiles
667,soft_pvc
668,soft_tiles
669,carpet
670,soft_pvc
671,fine_concrete
672,tiled
673,wood
674,soft_tiles
675,concrete
676,wood
677,hard_tiles_large_space
678,wood
679,soft_pvc
680,concrete
681,concrete
682,soft_tiles
683,concrete
684,soft_tiles
685,wood
686,wood
687,tiled
688,fine_concrete
689,tiled
690,tiled
691,soft_pvc
692,wood
693,carpet
694,soft_pvc
695,wood
696,fine_concrete
697,wood
698,soft_tiles
699,fine_concrete
700,wood
701,tiled
702,soft_pvc
703,wood
704,soft_tiles
705,soft_pvc
706,hard_tiles_large_space
707,soft_pvc
708,wood
709,fine_concrete
710,wood
711,tiled
712,hard_tiles_large_space
713,soft_pvc
714,carpet
715,fine_concrete
716,wood
717,wood
718,tiled
719,wood
720,soft_tiles
721,wood
722,fine_concrete
723,concrete
724,hard_tiles
725,concrete
726,concrete
727,wood
728,soft_pvc
729,tiled
730,tiled
731,hard_tiles_large_space
732,hard_tiles_large_space
733,concrete
734,concrete
735,concrete
736,soft_pvc
737,hard_tiles_large_space
738,wood
739,soft_pvc
740,fine_concrete
741,wood
742,concrete
743,wood
744,soft_pvc
745,soft_tiles
746,concrete
747,concrete
748,concrete
749,soft_pvc
750,soft_tiles
751,wood
752,concrete
753,fine_concrete
754,wood
755,hard_tiles_large_space
756,wood
757,soft_tiles
758,wood
759,fine_concrete
760,concrete
761,hard_tiles_large_space
762,concrete
763,soft_tiles
764,soft_tiles
765,wood
766,wood
767,concrete
768,hard_tiles_large_space
769,fine_concrete
770,soft_pvc
771,concrete
772,fine_concrete
773,tiled
774,tiled
775,soft_tiles
776,concrete
777,soft_tiles
778,tiled
779,concrete
780,soft_pvc
781,hard_tiles_large_space
782,wood
783,soft_tiles
784,soft_tiles
785,hard_tiles_large_space
786,soft_pvc
787,hard_tiles_large_space
788,tiled
789,hard_tiles_large_space
790,tiled
791,wood
792,soft_tiles
793,wood
794,hard_tiles_large_space
795,hard_tiles_large_space
796,soft_pvc
797,hard_tiles_large_space
798,wood
799,concrete
800,soft_pvc
801,concrete
802,hard_tiles_large_space
803,fine_concrete
804,wood
805,concrete
806,fine_concrete
807,tiled
808,concrete
809,concrete
810,soft_pvc
811,tiled
812,soft_tiles
813,concrete
814,wood
815,soft_pvc
816,wood
817,soft_tiles
818,wood
819,soft_pvc
820,concrete
821,concrete
822,concrete
823,soft_pvc
824,concrete
825,concrete
826,wood
827,concrete
828,soft_tiles
829,concrete
830,fine_concrete
831,carpet
832,hard_tiles_large_space
833,wood
834,tiled
835,concrete
836,soft_pvc
837,soft_tiles
838,wood
839,concrete
840,soft_tiles
841,soft_pvc
842,concrete
843,tiled
844,soft_pvc
845,concrete
846,soft_pvc
847,concrete
848,tiled
849,wood
850,wood
851,fine_concrete
852,concrete
853,tiled
854,concrete
855,concrete
856,hard_tiles_large_space
857,wood
858,concrete
859,soft_tiles
860,wood
861,soft_tiles
862,wood
863,soft_pvc
864,tiled
865,concrete
866,concrete
867,soft_tiles
868,concrete
869,hard_tiles_large_space
870,soft_tiles
871,wood
872,tiled
873,tiled
874,tiled
875,carpet
876,tiled
877,wood
878,tiled
879,soft_tiles
880,soft_pvc
881,wood
882,soft_tiles
883,wood
884,wood
885,wood
886,concrete
887,tiled
888,fine_concrete
889,soft_pvc
890,tiled
891,soft_pvc
892,soft_pvc
893,concrete
894,soft_pvc
895,soft_pvc
896,concrete
897,concrete
898,tiled
899,wood
900,tiled
901,soft_pvc
902,wood
903,wood
904,tiled
905,fine_concrete
906,wood
907,wood
908,wood
909,fine_concrete
910,concrete
911,concrete
912,concrete
913,concrete
914,fine_concrete
915,wood
916,wood
917,tiled
918,concrete
919,soft_tiles
920,soft_tiles
921,soft_pvc
922,fine_concrete
923,tiled
924,fine_concrete
925,wood
926,concrete
927,hard_tiles_large_space
928,wood
929,tiled
930,wood
931,tiled
932,tiled
933,concrete
934,wood
935,concrete
936,soft_pvc
937,fine_concrete
938,wood
939,wood
940,concrete
941,fine_concrete
942,soft_pvc
943,carpet
944,hard_tiles_large_space
945,wood
946,hard_tiles_large_space
947,soft_pvc
948,concrete
949,concrete
950,concrete
951,soft_pvc
952,concrete
953,carpet
954,concrete
955,concrete
956,wood
957,soft_pvc
958,soft_tiles
959,soft_pvc
960,soft_pvc
961,soft_pvc
962,tiled
963,soft_pvc
964,concrete
965,fine_concrete
966,carpet
967,soft_pvc
968,hard_tiles_large_space
969,hard_tiles
970,soft_pvc
971,concrete
972,wood
973,concrete
974,concrete
975,wood
976,concrete
977,fine_concrete
978,hard_tiles_large_space
979,concrete
980,fine_concrete
981,soft_tiles
982,fine_concrete
983,soft_tiles
984,concrete
985,concrete
986,concrete
987,wood
988,concrete
989,concrete
990,tiled
991,soft_pvc
992,soft_tiles
993,concrete
994,concrete
995,wood
996,concrete
997,wood
998,hard_tiles_large_space
999,concrete
1000,carpet
1001,hard_tiles_large_space
1002,concrete
1003,hard_tiles_large_space
1004,wood
1005,fine_concrete
1006,fine_concrete
1007,tiled
1008,concrete
1009,tiled
1010,concrete
1011,concrete
1012,carpet
1013,concrete
1014,concrete
1015,tiled
1016,tiled
1017,concrete
1018,fine_concrete
1019,wood
1020,wood
1021,concrete
1022,hard_tiles_large_space
1023,concrete
1024,soft_tiles
1025,carpet
1026,soft_pvc
1027,soft_pvc
1028,concrete
1029,wood
1030,fine_concrete
1031,concrete
1032,hard_tiles_large_space
1033,soft_pvc
1034,fine_concrete
1035,carpet
1036,fine_concrete
1037,soft_tiles
1038,soft_pvc
1039,soft_pvc
1040,fine_concrete
1041,soft_tiles
1042,soft_pvc
1043,soft_pvc
1044,wood
1045,fine_concrete
1046,concrete
1047,fine_concrete
1048,concrete
1049,wood
1050,hard_tiles_large_space
1051,soft_pvc
1052,wood
1053,fine_concrete
1054,soft_pvc
1055,soft_tiles
1056,soft_pvc
1057,concrete
1058,concrete
1059,hard_tiles_large_space
1060,wood
1061,soft_pvc
1062,hard_tiles_large_space
1063,carpet
1064,tiled
1065,soft_pvc
1066,soft_pvc
1067,tiled
1068,concrete
1069,soft_tiles
1070,hard_tiles_large_space
1071,soft_pvc
1072,wood
1073,concrete
1074,wood
1075,concrete
1076,wood
1077,concrete
1078,soft_pvc
1079,soft_tiles
1080,soft_tiles
1081,concrete
1082,concrete
1083,soft_pvc
1084,tiled
1085,tiled
1086,fine_concrete
1087,tiled
1088,wood
1089,concrete
1090,soft_pvc
1091,wood
1092,tiled
1093,tiled
1094,hard_tiles_large_space
1095,tiled
1096,wood
1097,hard_tiles_large_space
1098,wood
1099,concrete
1100,wood
1101,soft_pvc
1102,soft_pvc
1103,wood
1104,concrete
1105,fine_concrete
1106,concrete
1107,soft_pvc
1108,wood
1109,concrete
1110,carpet
1111,wood
1112,wood
1113,hard_tiles_large_space
1114,soft_pvc
1115,wood
1116,tiled
1117,fine_concrete
1118,fine_concrete
1119,concrete
1120,tiled
1121,soft_tiles
1122,fine_concrete
1123,soft_pvc
1124,tiled
1125,fine_concrete
1126,concrete
1127,hard_tiles_large_space
1128,soft_tiles
1129,concrete
1130,soft_tiles
1131,tiled
1132,concrete
1133,concrete
1134,soft_tiles
1135,soft_tiles
1136,tiled
1137,wood
1138,soft_pvc
1139,concrete
1140,wood
1141,concrete
1142,soft_pvc
1143,soft_tiles
1144,soft_pvc
1145,fine_concrete
1146,concrete
1147,soft_tiles
1148,concrete
1149,concrete
1150,concrete
1151,concrete
1152,soft_tiles
1153,soft_pvc
1154,fine_concrete
1155,concrete
1156,soft_tiles
1157,tiled
1158,concrete
1159,soft_pvc
1160,concrete
1161,concrete
1162,concrete
1163,tiled
1164,soft_pvc
1165,wood
1166,soft_pvc
1167,wood
1168,tiled
1169,wood
1170,fine_concrete
1171,tiled
1172,hard_tiles_large_space
1173,fine_concrete
1174,soft_pvc
1175,wood
1176,concrete
1177,wood
1178,wood
1179,tiled
1180,tiled
1181,soft_tiles
1182,wood
1183,hard_tiles_large_space
1184,hard_tiles_large_space
1185,concrete
1186,tiled
1187,concrete
1188,tiled
1189,soft_tiles
1190,carpet
1191,soft_tiles
1192,tiled
1193,soft_tiles
1194,wood
1195,soft_pvc
1196,fine_concrete
1197,fine_concrete
1198,concrete
1199,soft_pvc
1200,fine_concrete
1201,hard_tiles_large_space
1202,fine_concrete
1203,concrete
1204,fine_concrete
1205,soft_pvc
1206,soft_pvc
1207,soft_tiles
1208,soft_pvc
1209,soft_tiles
1210,tiled
1211,fine_concrete
1212,carpet
1213,soft_tiles
1214,wood
1215,wood
1216,hard_tiles_large_space
1217,fine_concrete
1218,wood
1219,hard_tiles_large_space
1220,fine_concrete
1221,wood
1222,wood
1223,soft_pvc
1224,soft_tiles
1225,soft_pvc
1226,soft_pvc
1227,fine_concrete
1228,wood
1229,wood
1230,wood
1231,fine_concrete
1232,soft_pvc
1233,soft_pvc
1234,hard_tiles_large_space
1235,wood
1236,soft_pvc
1237,hard_tiles_large_space
1238,concrete
1239,soft_tiles
1240,concrete
1241,wood
1242,tiled
1243,tiled
1244,soft_pvc
1245,tiled
1246,wood
1247,tiled
1248,concrete
1249,concrete
1250,soft_tiles
1251,concrete
1252,concrete
1253,wood
1254,soft_pvc
1255,concrete
1256,wood
1257,concrete
1258,soft_tiles
1259,tiled
1260,wood
1261,soft_pvc
1262,wood
1263,wood
1264,concrete
1265,concrete
1266,hard_tiles_large_space
1267,soft_pvc
1268,fine_concrete
1269,concrete
1270,wood
1271,fine_concrete
1272,soft_pvc
1273,wood
1274,soft_pvc
1275,fine_concrete
1276,wood
1277,concrete
1278,tiled
1279,wood
1280,concrete
1281,hard_tiles_large_space
1282,wood
1283,fine_concrete
1284,soft_pvc
1285,soft_pvc
1286,tiled
1287,concrete
1288,soft_tiles
1289,soft_tiles
1290,concrete
1291,wood
1292,fine_concrete
1293,concrete
1294,soft_pvc
1295,fine_concrete
1296,fine_concrete
1297,concrete
1298,concrete
1299,soft_tiles
1300,carpet
1301,fine_concrete
1302,concrete
1303,soft_pvc
1304,concrete
1305,soft_tiles
1306,concrete
1307,concrete
1308,tiled
1309,concrete
1310,concrete
1311,carpet
1312,concrete
1313,soft_pvc
1314,soft_pvc
1315,wood
1316,concrete
1317,fine_concrete
1318,wood
1319,tiled
1320,fine_concrete
1321,carpet
1322,hard_tiles_large_space
1323,soft_tiles
1324,soft_pvc
1325,concrete
1326,hard_tiles_large_space
1327,soft_pvc
1328,soft_pvc
1329,concrete
1330,tiled
1331,soft_tiles
1332,carpet
1333,concrete
1334,concrete
1335,tiled
1336,fine_concrete
1337,carpet
1338,wood
1339,soft_pvc
1340,fine_concrete
1341,tiled
1342,concrete
1343,wood
1344,soft_tiles
1345,fine_concrete
1346,soft_pvc
1347,fine_concrete
1348,tiled
1349,fine_concrete
1350,hard_tiles_large_space
1351,concrete
1352,concrete
1353,wood
1354,soft_tiles
1355,concrete
1356,carpet
1357,fine_concrete
1358,soft_tiles
1359,wood
1360,concrete
1361,hard_tiles_large_space
1362,concrete
1363,soft_pvc
1364,tiled
1365,tiled
1366,carpet
1367,soft_tiles
1368,tiled
1369,soft_tiles
1370,soft_tiles
1371,soft_pvc
1372,carpet
1373,soft_tiles
1374,soft_tiles
1375,hard_tiles_large_space
1376,concrete
1377,hard_tiles_large_space
1378,hard_tiles_large_space
1379,concrete
1380,carpet
1381,tiled
1382,fine_concrete
1383,carpet
1384,concrete
1385,wood
1386,concrete
1387,hard_tiles_large_space
1388,wood
1389,wood
1390,fine_concrete
1391,concrete
1392,fine_concrete
1393,concrete
1394,fine_concrete
1395,concrete
1396,concrete
1397,concrete
1398,wood
1399,wood
1400,wood
1401,concrete
1402,wood
1403,soft_pvc
1404,wood
1405,hard_tiles_large_space
1406,hard_tiles_large_space
1407,soft_tiles
1408,tiled
1409,hard_tiles
1410,concrete
1411,soft_pvc
1412,concrete
1413,soft_pvc
1414,wood
1415,soft_tiles
1416,soft_pvc
1417,wood
1418,fine_concrete
1419,tiled
1420,soft_pvc
1421,wood
1422,hard_tiles_large_space
1423,fine_concrete
1424,concrete
1425,soft_pvc
1426,soft_tiles
1427,hard_tiles_large_space
1428,carpet
1429,soft_tiles
1430,concrete
1431,concrete
1432,concrete
1433,soft_tiles
1434,fine_concrete
1435,soft_tiles
1436,tiled
1437,hard_tiles_large_space
1438,wood
1439,soft_pvc
1440,wood
1441,fine_concrete
1442,fine_concrete
1443,tiled
1444,wood
1445,wood
1446,hard_tiles_large_space
1447,concrete
1448,concrete
1449,fine_concrete
1450,concrete
1451,soft_tiles
1452,soft_pvc
1453,tiled
1454,wood
1455,carpet
1456,fine_concrete
1457,soft_pvc
1458,concrete
1459,concrete
1460,wood
1461,wood
1462,concrete
1463,soft_tiles
1464,hard_tiles_large_space
1465,tiled
1466,tiled
1467,wood
1468,soft_pvc
1469,wood
1470,soft_pvc
1471,concrete
1472,wood
1473,concrete
1474,fine_concrete
1475,wood
1476,fine_concrete
1477,carpet
1478,soft_pvc
1479,concrete
1480,concrete
1481,fine_concrete
1482,tiled
1483,concrete
1484,wood
1485,concrete
1486,fine_concrete
1487,tiled
1488,tiled
1489,wood
1490,wood
1491,soft_pvc
1492,soft_pvc
1493,wood
1494,concrete
1495,wood
1496,carpet
1497,tiled
1498,hard_tiles_large_space
1499,concrete
1500,fine_concrete
1501,concrete
1502,soft_pvc
1503,wood
1504,fine_concrete
1505,concrete
1506,wood
1507,soft_pvc
1508,wood
1509,fine_concrete
1510,soft_pvc
1511,tiled
1512,hard_tiles_large_space
1513,tiled
1514,concrete
1515,soft_tiles
1516,fine_concrete
1517,soft_tiles
1518,wood
1519,wood
1520,soft_pvc
1521,wood
1522,soft_tiles
1523,soft_tiles
1524,fine_concrete
1525,wood
1526,concrete
1527,hard_tiles_large_space
1528,wood
1529,fine_concrete
1530,soft_tiles
1531,wood
1532,concrete
1533,soft_tiles
1534,concrete
1535,wood
1536,hard_tiles_large_space
1537,wood
1538,fine_concrete
1539,concrete
1540,tiled
1541,concrete
1542,concrete
1543,wood
1544,soft_tiles
1545,soft_pvc
1546,tiled
1547,fine_concrete
1548,soft_tiles
1549,tiled
1550,wood
1551,concrete
1552,soft_tiles
1553,fine_concrete
1554,fine_concrete
1555,wood
1556,wood
1557,fine_concrete
1558,fine_concrete
1559,soft_pvc
1560,wood
1561,soft_tiles
1562,concrete
1563,concrete
1564,wood
1565,concrete
1566,wood
1567,hard_tiles_large_space
1568,wood
1569,hard_tiles
1570,concrete
1571,concrete
1572,soft_tiles
1573,concrete
1574,wood
1575,soft_tiles
1576,soft_tiles
1577,hard_tiles_large_space
1578,tiled
1579,carpet
1580,tiled
1581,soft_pvc
1582,concrete
1583,hard_tiles_large_space
1584,concrete
1585,concrete
1586,concrete
1587,carpet
1588,hard_tiles_large_space
1589,tiled
1590,wood
1591,wood
1592,tiled
1593,concrete
1594,wood
1595,concrete
1596,tiled
1597,fine_concrete
1598,wood
1599,hard_tiles_large_space
1600,soft_tiles
1601,concrete
1602,wood
1603,soft_tiles
1604,soft_pvc
1605,soft_pvc
1606,concrete
1607,hard_tiles_large_space
1608,tiled
1609,wood
1610,concrete
1611,soft_pvc
1612,concrete
1613,soft_pvc
1614,wood
1615,soft_tiles
1616,wood
1617,concrete
1618,soft_pvc
1619,soft_pvc
1620,soft_pvc
1621,hard_tiles_large_space
1622,tiled
1623,soft_tiles
1624,wood
1625,fine_concrete
1626,soft_tiles
1627,concrete
1628,hard_tiles_large_space
1629,fine_concrete
1630,wood
1631,soft_tiles
1632,soft_pvc
1633,wood
1634,hard_tiles_large_space
1635,wood
1636,wood
1637,soft_pvc
1638,fine_concrete
1639,wood
1640,wood
1641,soft_pvc
1642,fine_concrete
1643,tiled
1644,fine_concrete
1645,soft_pvc
1646,soft_tiles
1647,concrete
1648,wood
1649,wood
1650,carpet
1651,hard_tiles_large_space
1652,hard_tiles_large_space
1653,soft_pvc
1654,soft_pvc
1655,concrete
1656,fine_concrete
1657,soft_pvc
1658,fine_concrete
1659,wood
1660,fine_concrete
1661,wood
1662,concrete
1663,tiled
1664,fine_concrete
1665,wood
1666,wood
1667,concrete
1668,hard_tiles_large_space
1669,wood
1670,soft_pvc
1671,tiled
1672,concrete
1673,soft_pvc
1674,wood
1675,soft_pvc
1676,concrete
1677,wood
1678,soft_tiles
1679,concrete
1680,wood
1681,hard_tiles_large_space
1682,tiled
1683,concrete
1684,carpet
1685,tiled
1686,wood
1687,concrete
1688,soft_tiles
1689,concrete
1690,tiled
1691,soft_tiles
1692,soft_pvc
1693,tiled
1694,concrete
1695,carpet
1696,tiled
1697,soft_pvc
1698,hard_tiles_large_space
1699,soft_tiles
1700,tiled
1701,wood
1702,soft_pvc
1703,tiled
1704,soft_tiles
1705,concrete
1706,wood
1707,hard_tiles_large_space
1708,soft_pvc
1709,hard_tiles_large_space
1710,soft_pvc
1711,soft_tiles
1712,concrete
1713,carpet
1714,soft_pvc
1715,tiled
1716,fine_concrete
1717,hard_tiles
1718,wood
1719,soft_tiles
1720,soft_tiles
1721,hard_tiles_large_space
1722,carpet
1723,soft_tiles
1724,hard_tiles_large_space
1725,soft_tiles
1726,tiled
1727,soft_pvc
1728,soft_tiles
1729,concrete
1730,tiled
1731,soft_tiles
1732,concrete
1733,tiled
1734,tiled
1735,wood
1736,soft_tiles
1737,wood
1738,concrete
1739,concrete
1740,tiled
1741,concrete
1742,concrete
1743,wood
1744,tiled
1745,hard_tiles_large_space
1746,wood
1747,soft_tiles
1748,fine_concrete
1749,wood
1750,soft_pvc
1751,soft_pvc
1752,tiled
1753,hard_tiles_large_space
1754,wood
1755,concrete
1756,fine_concrete
1757,soft_tiles
1758,fine_concrete
1759,wood
1760,carpet
1761,soft_tiles
1762,concrete
1763,carpet
1764,tiled
1765,concrete
1766,hard_tiles_large_space
1767,soft_pvc
1768,wood
1769,tiled
1770,soft_pvc
1771,wood
1772,soft_pvc
1773,concrete
1774,soft_tiles
1775,soft_pvc
1776,wood
1777,concrete
1778,carpet
1779,soft_pvc
1780,fine_concrete
1781,hard_tiles_large_space
1782,wood
1783,soft_tiles
1784,fine_concrete
1785,wood
1786,hard_tiles
1787,soft_pvc
1788,tiled
1789,soft_tiles
1790,soft_tiles
1791,carpet
1792,carpet
1793,soft_pvc
1794,concrete
1795,hard_tiles_large_space
1796,tiled
1797,concrete
1798,concrete
1799,wood
1800,fine_concrete
1801,soft_pvc
1802,soft_pvc
1803,wood
1804,concrete
1805,soft_tiles
1806,concrete
1807,concrete
1808,soft_tiles
1809,concrete
1810,concrete
1811,soft_tiles
1812,fine_concrete
1813,tiled
1814,concrete
1815,soft_tiles
1816,soft_tiles
1817,wood
1818,wood
1819,concrete
1820,fine_concrete
1821,wood
1822,soft_tiles
1823,soft_pvc
1824,wood
1825,wood
1826,concrete
1827,concrete
1828,soft_tiles
1829,hard_tiles_large_space
1830,soft_pvc
1831,hard_tiles_large_space
1832,concrete
1833,fine_concrete
1834,soft_pvc
1835,tiled
1836,concrete
1837,hard_tiles_large_space
1838,soft_tiles
1839,concrete
1840,soft_pvc
1841,soft_pvc
1842,soft_tiles
1843,concrete
1844,tiled
1845,soft_tiles
1846,tiled
1847,wood
1848,concrete
1849,soft_pvc
1850,tiled
1851,concrete
1852,soft_tiles
1853,soft_pvc
1854,tiled
1855,fine_concrete
1856,hard_tiles_large_space
1857,soft_tiles
1858,soft_tiles
1859,concrete
1860,concrete
1861,concrete
1862,tiled
1863,concrete
1864,fine_concrete
1865,concrete
1866,fine_concrete
1867,soft_pvc
1868,carpet
1869,tiled
1870,wood
1871,soft_pvc
1872,concrete
1873,tiled
1874,fine_concrete
1875,fine_concrete
1876,tiled
1877,wood
1878,soft_tiles
1879,wood
1880,concrete
1881,tiled
1882,soft_pvc
1883,soft_pvc
1884,concrete
1885,tiled
1886,soft_tiles
1887,hard_tiles_large_space
1888,fine_concrete
1889,concrete
1890,concrete
1891,hard_tiles_large_space
1892,tiled
1893,wood
1894,concrete
1895,concrete
1896,concrete
1897,wood
1898,concrete
1899,tiled
1900,soft_pvc
1901,soft_pvc
1902,tiled
1903,concrete
1904,tiled
1905,fine_concrete
1906,concrete
1907,wood
1908,tiled
1909,soft_tiles
1910,fine_concrete
1911,fine_concrete
1912,carpet
1913,soft_pvc
1914,wood
1915,wood
1916,wood
1917,wood
1918,concrete
1919,wood
1920,concrete
1921,concrete
1922,soft_pvc
1923,concrete
1924,fine_concrete
1925,concrete
1926,soft_pvc
1927,tiled
1928,fine_concrete
1929,soft_pvc
1930,tiled
1931,concrete
1932,carpet
1933,tiled
1934,tiled
1935,wood
1936,concrete
1937,soft_pvc
1938,tiled
1939,wood
1940,hard_tiles_large_space
1941,soft_tiles
1942,concrete
1943,soft_pvc
1944,hard_tiles_large_space
1945,wood
1946,soft_tiles
1947,concrete
1948,concrete
1949,wood
1950,soft_tiles
1951,wood
1952,wood
1953,hard_tiles_large_space
1954,soft_pvc
1955,hard_tiles_large_space
1956,fine_concrete
1957,concrete
1958,hard_tiles_large_space
1959,carpet
1960,concrete
1961,soft_tiles
1962,concrete
1963,wood
1964,concrete
1965,concrete
1966,hard_tiles_large_space
1967,hard_tiles_large_space
1968,wood
1969,wood
1970,wood
1971,tiled
1972,concrete
1973,concrete
1974,tiled
1975,soft_tiles
1976,wood
1977,hard_tiles_large_space
1978,tiled
1979,wood
1980,soft_tiles
1981,concrete
1982,carpet
1983,tiled
1984,concrete
1985,carpet
1986,soft_pvc
1987,wood
1988,soft_pvc
1989,tiled
1990,wood
1991,carpet
1992,soft_tiles
1993,tiled
1994,tiled
1995,soft_tiles
1996,concrete
1997,wood
1998,wood
1999,hard_tiles_large_space
2000,soft_pvc
2001,soft_tiles
2002,wood
2003,soft_tiles
2004,concrete
2005,concrete
2006,soft_pvc
2007,concrete
2008,soft_pvc
2009,soft_tiles
2010,wood
2011,tiled
2012,soft_pvc
2013,wood
2014,fine_concrete
2015,wood
2016,wood
2017,soft_tiles
2018,soft_tiles
2019,concrete
2020,soft_pvc
2021,soft_pvc
2022,soft_tiles
2023,soft_tiles
2024,soft_tiles
2025,carpet
2026,tiled
2027,hard_tiles_large_space
2028,soft_pvc
2029,carpet
2030,fine_concrete
2031,wood
2032,wood
2033,concrete
2034,concrete
2035,wood
2036,concrete
2037,soft_pvc
2038,wood
2039,tiled
2040,concrete
2041,carpet
2042,fine_concrete
2043,tiled
2044,wood
2045,tiled
2046,soft_pvc
2047,tiled
2048,wood
2049,concrete
2050,tiled
2051,wood
2052,concrete
2053,soft_tiles
2054,wood
2055,hard_tiles_large_space
2056,soft_pvc
2057,wood
2058,concrete
2059,concrete
2060,concrete
2061,concrete
2062,concrete
2063,soft_tiles
2064,wood
2065,soft_pvc
2066,tiled
2067,soft_tiles
2068,concrete
2069,concrete
2070,concrete
2071,tiled
2072,concrete
2073,soft_tiles
2074,carpet
2075,tiled
2076,concrete
2077,concrete
2078,soft_pvc
2079,fine_concrete
2080,tiled
2081,soft_tiles
2082,wood
2083,concrete
2084,fine_concrete
2085,concrete
2086,soft_tiles
2087,wood
2088,tiled
2089,hard_tiles_large_space
2090,concrete
2091,soft_pvc
2092,tiled
2093,soft_pvc
2094,wood
2095,soft_tiles
2096,wood
2097,wood
2098,soft_pvc
2099,hard_tiles_large_space
2100,concrete
2101,tiled
2102,concrete
2103,hard_tiles_large_space
2104,soft_pvc
2105,soft_pvc
2106,soft_pvc
2107,fine_concrete
2108,concrete
2109,concrete
2110,tiled
2111,fine_concrete
2112,concrete
2113,soft_tiles
2114,soft_tiles
2115,wood
2116,tiled
2117,concrete
2118,concrete
2119,soft_tiles
2120,tiled
2121,wood
2122,soft_tiles
2123,soft_pvc
2124,soft_pvc
2125,soft_tiles
2126,fine_concrete
2127,concrete
2128,concrete
2129,tiled
2130,soft_pvc
2131,wood
2132,concrete
2133,hard_tiles_large_space
2134,wood
2135,concrete
2136,hard_tiles_large_space
2137,soft_tiles
2138,hard_tiles_large_space
2139,tiled
2140,concrete
2141,wood
2142,soft_pvc
2143,fine_concrete
2144,soft_tiles
2145,concrete
2146,soft_tiles
2147,soft_pvc
2148,concrete
2149,wood
2150,soft_pvc
2151,fine_concrete
2152,concrete
2153,wood
2154,wood
2155,soft_tiles
2156,wood
2157,wood
2158,soft_tiles
2159,fine_concrete
2160,wood
2161,fine_concrete
2162,concrete
2163,fine_concrete
2164,tiled
2165,fine_concrete
2166,soft_pvc
2167,concrete
2168,soft_pvc
2169,tiled
2170,soft_tiles
2171,soft_pvc
2172,soft_pvc
2173,soft_tiles
2174,wood
2175,soft_pvc
2176,concrete
2177,fine_concrete
2178,hard_tiles_large_space
2179,tiled
2180,concrete
2181,tiled
2182,concrete
2183,fine_concrete
2184,fine_concrete
2185,tiled
2186,soft_tiles
2187,wood
2188,soft_tiles
2189,wood
2190,tiled
2191,soft_tiles
2192,concrete
2193,wood
2194,soft_tiles
2195,soft_pvc
2196,soft_pvc
2197,soft_pvc
2198,soft_tiles
2199,hard_tiles_large_space
2200,soft_tiles
2201,wood
2202,concrete
2203,tiled
2204,fine_concrete
2205,hard_tiles_large_space
2206,wood
2207,wood
2208,wood
2209,fine_concrete
2210,fine_concrete
2211,wood
2212,concrete
2213,wood
2214,fine_concrete
2215,hard_tiles_large_space
2216,carpet
2217,soft_tiles
2218,soft_pvc
2219,tiled
2220,carpet
2221,wood
2222,tiled
2223,wood
2224,concrete
2225,soft_tiles
2226,soft_pvc
2227,wood
2228,hard_tiles_large_space
2229,soft_tiles
2230,concrete
2231,wood
2232,soft_pvc
2233,soft_pvc
2234,concrete
2235,hard_tiles_large_space
2236,soft_tiles
2237,wood
2238,wood
2239,soft_pvc
2240,carpet
2241,carpet
2242,tiled
2243,wood
2244,soft_tiles
2245,soft_pvc
2246,concrete
2247,soft_pvc
2248,tiled
2249,concrete
2250,soft_tiles
2251,wood
2252,concrete
2253,concrete
2254,concrete
2255,fine_concrete
2256,tiled
2257,tiled
2258,soft_tiles
2259,fine_concrete
2260,soft_tiles
2261,soft_pvc
2262,tiled
2263,fine_concrete
2264,soft_tiles
2265,hard_tiles_large_space
2266,soft_tiles
2267,soft_pvc
2268,soft_tiles
2269,soft_pvc
2270,concrete
2271,wood
2272,wood
2273,carpet
2274,tiled
2275,wood
2276,tiled
2277,tiled
2278,wood
2279,wood
2280,tiled
2281,soft_pvc
2282,fine_concrete
2283,fine_concrete
2284,concrete
2285,concrete
2286,carpet
2287,concrete
2288,concrete
2289,concrete
2290,concrete
2291,carpet
2292,soft_pvc
2293,hard_tiles_large_space
2294,wood
2295,tiled
2296,wood
2297,soft_tiles
2298,concrete
2299,wood
2300,fine_concrete
2301,hard_tiles_large_space
2302,fine_concrete
2303,soft_pvc
2304,soft_pvc
2305,concrete
2306,concrete
2307,hard_tiles_large_space
2308,soft_tiles
2309,concrete
2310,wood
2311,concrete
2312,soft_pvc
2313,soft_tiles
2314,tiled
2315,wood
2316,wood
2317,carpet
2318,tiled
2319,fine_concrete
2320,wood
2321,soft_tiles
2322,wood
2323,wood
2324,hard_tiles_large_space
2325,tiled
2326,hard_tiles_large_space
2327,soft_tiles
2328,soft_tiles
2329,wood
2330,soft_pvc
2331,fine_concrete
2332,soft_pvc
2333,soft_pvc
2334,concrete
2335,tiled
2336,concrete
2337,soft_pvc
2338,soft_tiles
2339,fine_concrete
2340,concrete
2341,tiled
2342,fine_concrete
2343,hard_tiles_large_space
2344,hard_tiles_large_space
2345,fine_concrete
2346,concrete
2347,soft_tiles
2348,concrete
2349,tiled
2350,wood
2351,wood
2352,soft_tiles
2353,wood
2354,soft_tiles
2355,soft_tiles
2356,soft_pvc
2357,soft_pvc
2358,wood
2359,wood
2360,fine_concrete
2361,wood
2362,hard_tiles_large_space
2363,fine_concrete
2364,wood
2365,soft_pvc
2366,soft_tiles
2367,carpet
2368,wood
2369,wood
2370,soft_tiles
2371,wood
2372,soft_pvc
2373,hard_tiles_large_space
2374,soft_tiles
2375,fine_concrete
2376,soft_pvc
2377,concrete
2378,soft_pvc
2379,fine_concrete
2380,tiled
2381,soft_tiles
2382,tiled
2383,wood
2384,fine_concrete
2385,concrete
2386,tiled
2387,carpet
2388,hard_tiles_large_space
2389,fine_concrete
2390,soft_pvc
2391,wood
2392,soft_tiles
2393,carpet
2394,soft_pvc
2395,fine_concrete
2396,fine_concrete
2397,concrete
2398,tiled
2399,soft_pvc
2400,tiled
2401,concrete
2402,tiled
2403,carpet
2404,hard_tiles_large_space
2405,tiled
2406,wood
2407,soft_tiles
2408,tiled
2409,concrete
2410,fine_concrete
2411,carpet
2412,tiled
2413,tiled
2414,soft_pvc
2415,wood
2416,tiled
2417,fine_concrete
2418,soft_pvc
2419,soft_tiles
2420,carpet
2421,soft_tiles
2422,soft_pvc
2423,wood
2424,soft_tiles
2425,concrete
2426,wood
2427,tiled
2428,concrete
2429,wood
2430,wood
2431,hard_tiles_large_space
2432,hard_tiles_large_space
2433,concrete
2434,soft_pvc
2435,soft_tiles
2436,concrete
2437,tiled
2438,soft_pvc
2439,soft_pvc
2440,fine_concrete
2441,wood
2442,hard_tiles_large_space
2443,fine_concrete
2444,hard_tiles_large_space
2445,fine_concrete
2446,wood
2447,soft_tiles
2448,hard_tiles_large_space
2449,wood
2450,concrete
2451,concrete
2452,soft_pvc
2453,concrete
2454,concrete
2455,fine_concrete
2456,tiled
2457,tiled
2458,soft_tiles
2459,tiled
2460,wood
2461,wood
2462,wood
2463,concrete
2464,carpet
2465,carpet
2466,concrete
2467,concrete
2468,concrete
2469,soft_pvc
2470,concrete
2471,fine_concrete
2472,wood
2473,concrete
2474,soft_pvc
2475,wood
2476,tiled
2477,fine_concrete
2478,concrete
2479,wood
2480,concrete
2481,soft_tiles
2482,soft_tiles
2483,wood
2484,concrete
2485,fine_concrete
2486,fine_concrete
2487,wood
2488,concrete
2489,hard_tiles_large_space
2490,concrete
2491,concrete
2492,soft_pvc
2493,concrete
2494,concrete
2495,concrete
2496,wood
2497,fine_concrete
2498,hard_tiles_large_space
2499,carpet
2500,wood
2501,concrete
2502,wood
2503,wood
2504,soft_tiles
2505,soft_tiles
2506,concrete
2507,concrete
2508,concrete
2509,soft_pvc
2510,wood
2511,carpet
2512,concrete
2513,soft_pvc
2514,concrete
2515,carpet
2516,hard_tiles_large_space
2517,wood
2518,fine_concrete
2519,fine_concrete
2520,soft_tiles
2521,soft_tiles
2522,soft_pvc
2523,hard_tiles
2524,soft_pvc
2525,soft_tiles
2526,soft_tiles
2527,hard_tiles_large_space
2528,carpet
2529,tiled
2530,wood
2531,soft_tiles
2532,fine_concrete
2533,fine_concrete
2534,concrete
2535,concrete
2536,wood
2537,soft_tiles
2538,soft_tiles
2539,soft_tiles
2540,hard_tiles_large_space
2541,concrete
2542,soft_pvc
2543,tiled
2544,tiled
2545,concrete
2546,wood
2547,hard_tiles_large_space
2548,soft_tiles
2549,tiled
2550,tiled
2551,soft_pvc
2552,wood
2553,tiled
2554,tiled
2555,wood
2556,tiled
2557,concrete
2558,wood
2559,soft_pvc
2560,fine_concrete
2561,soft_tiles
2562,concrete
2563,soft_tiles
2564,tiled
2565,soft_pvc
2566,concrete
2567,wood
2568,concrete
2569,fine_concrete
2570,concrete
2571,wood
2572,hard_tiles_large_space
2573,tiled
2574,wood
2575,concrete
2576,soft_tiles
2577,wood
2578,wood
2579,fine_concrete
2580,carpet
2581,tiled
2582,concrete
2583,concrete
2584,soft_tiles
2585,soft_tiles
2586,hard_tiles_large_space
2587,concrete
2588,concrete
2589,soft_pvc
2590,soft_tiles
2591,hard_tiles_large_space
2592,soft_pvc
2593,wood
2594,tiled
2595,soft_tiles
2596,fine_concrete
2597,tiled
2598,hard_tiles_large_space
2599,hard_tiles_large_space
2600,wood
2601,concrete
2602,wood
2603,concrete
2604,tiled
2605,concrete
2606,soft_pvc
2607,wood
2608,concrete
2609,fine_concrete
2610,concrete
2611,wood
2612,soft_tiles
2613,concrete
2614,fine_concrete
2615,wood
2616,fine_concrete
2617,wood
2618,fine_concrete
2619,soft_pvc
2620,soft_pvc
2621,wood
2622,wood
2623,hard_tiles_large_space
2624,wood
2625,soft_pvc
2626,wood
2627,concrete
2628,soft_pvc
2629,wood
2630,concrete
2631,fine_concrete
2632,hard_tiles_large_space
2633,wood
2634,concrete
2635,fine_concrete
2636,wood
2637,tiled
2638,tiled
2639,wood
2640,hard_tiles_large_space
2641,fine_concrete
2642,wood
2643,tiled
2644,fine_concrete
2645,tiled
2646,wood
2647,wood
2648,concrete
2649,soft_pvc
2650,tiled
2651,soft_tiles
2652,wood
2653,wood
2654,soft_pvc
2655,tiled
2656,wood
2657,soft_pvc
2658,hard_tiles_large_space
2659,soft_tiles
2660,fine_concrete
2661,tiled
2662,tiled
2663,concrete
2664,soft_pvc
2665,tiled
2666,wood
2667,soft_pvc
2668,concrete
2669,soft_pvc
2670,concrete
2671,concrete
2672,concrete
2673,soft_pvc
2674,soft_tiles
2675,concrete
2676,wood
2677,wood
2678,hard_tiles_large_space
2679,wood
2680,soft_pvc
2681,hard_tiles_large_space
2682,soft_tiles
2683,concrete
2684,concrete
2685,tiled
2686,wood
2687,fine_concrete
2688,soft_tiles
2689,wood
2690,concrete
2691,concrete
2692,wood
2693,soft_pvc
2694,wood
2695,tiled
2696,tiled
2697,fine_concrete
2698,wood
2699,soft_pvc
2700,tiled
2701,concrete
2702,carpet
2703,soft_pvc
2704,hard_tiles_large_space
2705,soft_pvc
2706,concrete
2707,wood
2708,hard_tiles_large_space
2709,soft_pvc
2710,fine_concrete
2711,concrete
2712,wood
2713,soft_pvc
2714,concrete
2715,soft_pvc
2716,tiled
2717,wood
2718,tiled
2719,carpet
2720,soft_tiles
2721,tiled
2722,wood
2723,carpet
2724,fine_concrete
2725,fine_concrete
2726,concrete
2727,soft_tiles
2728,carpet
2729,tiled
2730,wood
2731,wood
2732,tiled
2733,soft_pvc
2734,tiled
2735,carpet
2736,tiled
2737,fine_concrete
2738,soft_pvc
2739,soft_pvc
2740,concrete
2741,wood
2742,tiled
2743,concrete
2744,wood
2745,wood
2746,fine_concrete
2747,concrete
2748,concrete
2749,carpet
2750,wood
2751,fine_concrete
2752,concrete
2753,soft_pvc
2754,concrete
2755,hard_tiles_large_space
2756,tiled
2757,soft_pvc
2758,wood
2759,wood
2760,concrete
2761,soft_tiles
2762,soft_pvc
2763,hard_tiles_large_space
2764,soft_tiles
2765,concrete
2766,concrete
2767,soft_pvc
2768,hard_tiles_large_space
2769,concrete
2770,tiled
2771,hard_tiles_large_space
2772,wood
2773,soft_pvc
2774,tiled
2775,soft_tiles
2776,soft_tiles
2777,soft_pvc
2778,concrete
2779,wood
2780,fine_concrete
2781,fine_concrete
2782,wood
2783,tiled
2784,fine_concrete
2785,tiled
2786,soft_pvc
2787,soft_tiles
2788,hard_tiles_large_space
2789,hard_tiles_large_space
2790,fine_concrete
2791,wood
2792,soft_tiles
2793,tiled
2794,soft_tiles
2795,carpet
2796,concrete
2797,soft_pvc
2798,soft_tiles
2799,soft_pvc
2800,wood
2801,concrete
2802,carpet
2803,fine_concrete
2804,concrete
2805,concrete
2806,concrete
2807,hard_tiles_large_space
2808,tiled
2809,soft_tiles
2810,concrete
2811,concrete
2812,hard_tiles_large_space
2813,soft_tiles
2814,concrete
2815,soft_pvc
2816,wood
2817,concrete
2818,fine_concrete
2819,carpet
2820,wood
2821,carpet
2822,fine_concrete
2823,fine_concrete
2824,concrete
2825,wood
2826,concrete
2827,hard_tiles_large_space
2828,soft_tiles
2829,tiled
2830,concrete
2831,tiled
2832,soft_tiles
2833,concrete
2834,fine_concrete
2835,soft_tiles
2836,soft_tiles
2837,concrete
2838,soft_tiles
2839,soft_pvc
2840,fine_concrete
2841,wood
2842,concrete
2843,concrete
2844,carpet
2845,fine_concrete
2846,fine_concrete
2847,concrete
2848,concrete
2849,hard_tiles_large_space
2850,wood
2851,wood
2852,soft_pvc
2853,wood
2854,tiled
2855,soft_pvc
2856,tiled
2857,fine_concrete
2858,concrete
2859,wood
2860,concrete
2861,wood
2862,hard_tiles_large_space
2863,concrete
2864,wood
2865,hard_tiles_large_space
2866,soft_tiles
2867,tiled
2868,wood
2869,wood
2870,fine_concrete
2871,concrete
2872,concrete
2873,concrete
2874,soft_pvc
2875,tiled
2876,soft_pvc
2877,concrete
2878,concrete
2879,soft_tiles
2880,hard_tiles_large_space
2881,fine_concrete
2882,carpet
2883,wood
2884,concrete
2885,wood
2886,fine_concrete
2887,concrete
2888,tiled
2889,soft_pvc
2890,soft_tiles
2891,soft_tiles
2892,wood
2893,fine_concrete
2894,concrete
2895,wood
2896,soft_tiles
2897,soft_tiles
2898,soft_pvc
2899,concrete
2900,soft_pvc
2901,soft_tiles
2902,hard_tiles_large_space
2903,concrete
2904,carpet
2905,soft_pvc
2906,fine_concrete
2907,tiled
2908,soft_pvc
2909,soft_tiles
2910,wood
2911,fine_concrete
2912,tiled
2913,wood
2914,tiled
2915,concrete
2916,wood
2917,concrete
2918,concrete
2919,fine_concrete
2920,soft_pvc
2921,soft_tiles
2922,concrete
2923,fine_concrete
2924,soft_pvc
2925,concrete
2926,wood
2927,soft_tiles
2928,soft_pvc
2929,fine_concrete
2930,concrete
2931,soft_tiles
2932,tiled
2933,soft_pvc
2934,wood
2935,concrete
2936,fine_concrete
2937,wood
2938,soft_tiles
2939,tiled
2940,tiled
2941,hard_tiles_large_space
2942,hard_tiles_large_space
2943,concrete
2944,wood
2945,concrete
2946,wood
2947,fine_concrete
2948,concrete
2949,wood
2950,soft_tiles
2951,tiled
2952,soft_tiles
2953,hard_tiles_large_space
2954,hard_tiles_large_space
2955,wood
2956,concrete
2957,concrete
2958,hard_tiles_large_space
2959,soft_pvc
2960,tiled
2961,hard_tiles_large_space
2962,hard_tiles_large_space
2963,soft_pvc
2964,wood
2965,soft_tiles
2966,carpet
2967,wood
2968,wood
2969,concrete
2970,soft_tiles
2971,wood
2972,soft_tiles
2973,hard_tiles_large_space
2974,wood
2975,wood
2976,concrete
2977,soft_pvc
2978,concrete
2979,soft_tiles
2980,fine_concrete
2981,tiled
2982,carpet
2983,tiled
2984,wood
2985,soft_pvc
2986,concrete
2987,fine_concrete
2988,concrete
2989,soft_pvc
2990,wood
2991,concrete
2992,wood
2993,wood
2994,soft_pvc
2995,soft_tiles
2996,tiled
2997,concrete
2998,concrete
2999,fine_concrete
3000,wood
3001,soft_pvc
3002,hard_tiles_large_space
3003,tiled
3004,wood
3005,fine_concrete
3006,concrete
3007,soft_tiles
3008,soft_tiles
3009,fine_concrete
3010,soft_pvc
3011,soft_tiles
3012,wood
3013,wood
3014,concrete
3015,concrete
3016,soft_tiles
3017,tiled
3018,fine_concrete
3019,wood
3020,wood
3021,concrete
3022,tiled
3023,soft_tiles
3024,soft_pvc
3025,concrete
3026,wood
3027,fine_concrete
3028,soft_tiles
3029,wood
3030,wood
3031,concrete
3032,concrete
3033,hard_tiles_large_space
3034,hard_tiles_large_space
3035,wood
3036,wood
3037,fine_concrete
3038,wood
3039,wood
3040,wood
3041,tiled
3042,hard_tiles_large_space
3043,concrete
3044,concrete
3045,concrete
3046,soft_pvc
3047,wood
3048,carpet
3049,fine_concrete
3050,wood
3051,fine_concrete
3052,concrete
3053,concrete
3054,hard_tiles_large_space
3055,tiled
3056,wood
3057,soft_tiles
3058,wood
3059,soft_pvc
3060,carpet
3061,carpet
3062,soft_tiles
3063,tiled
3064,wood
3065,fine_concrete
3066,concrete
3067,tiled
3068,concrete
3069,wood
3070,concrete
3071,concrete
3072,tiled
3073,wood
3074,fine_concrete
3075,fine_concrete
3076,wood
3077,concrete
3078,concrete
3079,fine_concrete
3080,soft_tiles
3081,wood
3082,concrete
3083,soft_pvc
3084,soft_tiles
3085,carpet
3086,wood
3087,wood
3088,fine_concrete
3089,hard_tiles_large_space
3090,soft_tiles
3091,carpet
3092,wood
3093,wood
3094,concrete
3095,concrete
3096,wood
3097,hard_tiles_large_space
3098,soft_pvc
3099,soft_pvc
3100,wood
3101,tiled
3102,soft_tiles
3103,wood
3104,wood
3105,carpet
3106,fine_concrete
3107,concrete
3108,wood
3109,soft_tiles
3110,soft_pvc
3111,concrete
3112,soft_tiles
3113,wood
3114,concrete
3115,concrete
3116,concrete
3117,carpet
3118,concrete
3119,hard_tiles_large_space
3120,hard_tiles_large_space
3121,wood
3122,tiled
3123,soft_pvc
3124,hard_tiles_large_space
3125,tiled
3126,wood
3127,wood
3128,wood
3129,soft_tiles
3130,fine_concrete
3131,concrete
3132,tiled
3133,soft_pvc
3134,tiled
3135,concrete
3136,tiled
3137,concrete
3138,carpet
3139,soft_tiles
3140,soft_pvc
3141,hard_tiles_large_space
3142,wood
3143,fine_concrete
3144,wood
3145,soft_tiles
3146,soft_tiles
3147,tiled
3148,fine_concrete
3149,wood
3150,fine_concrete
3151,concrete
3152,concrete
3153,tiled
3154,soft_tiles
3155,soft_pvc
3156,tiled
3157,concrete
3158,concrete
3159,hard_tiles_large_space
3160,concrete
3161,tiled
3162,wood
3163,fine_concrete
3164,soft_pvc
3165,concrete
3166,soft_tiles
3167,wood
3168,tiled
3169,soft_pvc
3170,soft_tiles
3171,concrete
3172,wood
3173,hard_tiles_large_space
3174,fine_concrete
3175,wood
3176,wood
3177,hard_tiles_large_space
3178,concrete
3179,tiled
3180,wood
3181,fine_concrete
3182,soft_pvc
3183,concrete
3184,concrete
3185,wood
3186,soft_tiles
3187,fine_concrete
3188,soft_tiles
3189,tiled
3190,wood
3191,concrete
3192,wood
3193,tiled
3194,fine_concrete
3195,concrete
3196,soft_pvc
3197,soft_pvc
3198,concrete
3199,concrete
3200,concrete
3201,concrete
3202,concrete
3203,tiled
3204,concrete
3205,tiled
3206,concrete
3207,fine_concrete
3208,wood
3209,concrete
3210,soft_pvc
3211,fine_concrete
3212,tiled
3213,concrete
3214,hard_tiles_large_space
3215,soft_pvc
3216,fine_concrete
3217,wood
3218,soft_tiles
3219,tiled
3220,fine_concrete
3221,tiled
3222,soft_tiles
3223,soft_pvc
3224,tiled
3225,soft_tiles
3226,concrete
3227,soft_tiles
3228,soft_pvc
3229,soft_pvc
3230,fine_concrete
3231,soft_tiles
3232,wood
3233,soft_pvc
3234,concrete
3235,soft_tiles
3236,fine_concrete
3237,hard_tiles_large_space
3238,wood
3239,hard_tiles_large_space
3240,hard_tiles_large_space
3241,concrete
3242,fine_concrete
3243,hard_tiles_large_space
3244,concrete
3245,wood
3246,tiled
3247,concrete
3248,hard_tiles_large_space
3249,concrete
3250,soft_tiles
3251,soft_pvc
3252,concrete
3253,concrete
3254,soft_tiles
3255,soft_pvc
3256,wood
3257,wood
3258,carpet
3259,wood
3260,wood
3261,concrete
3262,concrete
3263,tiled
3264,carpet
3265,wood
3266,tiled
3267,wood
3268,soft_pvc
3269,soft_tiles
3270,tiled
3271,concrete
3272,fine_concrete
3273,fine_concrete
3274,concrete
3275,soft_pvc
3276,concrete
3277,concrete
3278,tiled
3279,tiled
3280,concrete
3281,fine_concrete
3282,wood
3283,wood
3284,hard_tiles_large_space
3285,wood
3286,fine_concrete
3287,concrete
3288,tiled
3289,soft_tiles
3290,concrete
3291,soft_pvc
3292,concrete
3293,wood
3294,concrete
3295,concrete
3296,tiled
3297,hard_tiles_large_space
3298,concrete
3299,wood
3300,wood
3301,tiled
3302,fine_concrete
3303,tiled
3304,tiled
3305,fine_concrete
3306,carpet
3307,concrete
3308,wood
3309,tiled
3310,soft_pvc
3311,fine_concrete
3312,tiled
3313,tiled
3314,wood
3315,fine_concrete
3316,concrete
3317,hard_tiles_large_space
3318,wood
3319,concrete
3320,concrete
3321,wood
3322,wood
3323,wood
3324,soft_pvc
3325,tiled
3326,wood
3327,soft_tiles
3328,soft_tiles
3329,tiled
3330,soft_tiles
3331,concrete
3332,fine_concrete
3333,soft_pvc
3334,hard_tiles_large_space
3335,concrete
3336,hard_tiles_large_space
3337,soft_pvc
3338,wood
3339,soft_pvc
3340,soft_tiles
3341,wood
3342,hard_tiles_large_space
3343,fine_concrete
3344,wood
3345,tiled
3346,fine_concrete
3347,fine_concrete
3348,concrete
3349,wood
3350,tiled
3351,wood
3352,tiled
3353,soft_tiles
3354,soft_tiles
3355,soft_pvc
3356,hard_tiles_large_space
3357,fine_concrete
3358,hard_tiles_large_space
3359,concrete
3360,concrete
3361,soft_tiles
3362,concrete
3363,soft_tiles
3364,soft_pvc
3365,tiled
3366,fine_concrete
3367,tiled
3368,soft_tiles
3369,wood
3370,fine_concrete
3371,fine_concrete
3372,wood
3373,tiled
3374,wood
3375,wood
3376,fine_concrete
3377,tiled
3378,wood
3379,wood
3380,soft_pvc
3381,concrete
3382,tiled
3383,soft_tiles
3384,fine_concrete
3385,wood
3386,concrete
3387,concrete
3388,soft_pvc
3389,hard_tiles_large_space
3390,fine_concrete
3391,fine_concrete
3392,carpet
3393,wood
3394,fine_concrete
3395,fine_concrete
3396,soft_pvc
3397,wood
3398,tiled
3399,wood
3400,soft_tiles
3401,wood
3402,soft_pvc
3403,wood
3404,hard_tiles_large_space
3405,fine_concrete
3406,fine_concrete
3407,soft_tiles
3408,fine_concrete
3409,tiled
3410,tiled
3411,wood
3412,wood
3413,fine_concrete
3414,hard_tiles_large_space
3415,concrete
3416,soft_tiles
3417,concrete
3418,concrete
3419,concrete
3420,wood
3421,fine_concrete
3422,fine_concrete
3423,wood
3424,wood
3425,concrete
3426,concrete
3427,concrete
3428,wood
3429,tiled
3430,concrete
3431,concrete
3432,concrete
3433,tiled
3434,hard_tiles_large_space
3435,soft_tiles
3436,carpet
3437,wood
3438,soft_pvc
3439,wood
3440,soft_tiles
3441,wood
3442,wood
3443,wood
3444,tiled
3445,soft_pvc
3446,wood
3447,hard_tiles_large_space
3448,soft_pvc
3449,wood
3450,soft_pvc
3451,concrete
3452,fine_concrete
3453,wood
3454,soft_tiles
3455,carpet
3456,fine_concrete
3457,fine_concrete
3458,carpet
3459,fine_concrete
3460,tiled
3461,concrete
3462,soft_pvc
3463,fine_concrete
3464,tiled
3465,tiled
3466,tiled
3467,wood
3468,soft_tiles
3469,concrete
3470,concrete
3471,fine_concrete
3472,concrete
3473,wood
3474,concrete
3475,fine_concrete
3476,wood
3477,wood
3478,soft_pvc
3479,soft_pvc
3480,fine_concrete
3481,concrete
3482,fine_concrete
3483,soft_tiles
3484,wood
3485,soft_pvc
3486,hard_tiles_large_space
3487,soft_pvc
3488,fine_concrete
3489,soft_pvc
3490,carpet
3491,wood
3492,tiled
3493,soft_tiles
3494,wood
3495,tiled
3496,soft_pvc
3497,soft_pvc
3498,concrete
3499,wood
3500,hard_tiles_large_space
3501,soft_tiles
3502,soft_tiles
3503,hard_tiles_large_space
3504,wood
3505,concrete
3506,soft_tiles
3507,tiled
3508,soft_tiles
3509,fine_concrete
3510,concrete
3511,concrete
3512,hard_tiles_large_space
3513,concrete
3514,hard_tiles_large_space
3515,soft_pvc
3516,wood
3517,concrete
3518,wood
3519,soft_pvc
3520,soft_tiles
3521,wood
3522,tiled
3523,soft_tiles
3524,concrete
3525,fine_concrete
3526,fine_concrete
3527,tiled
3528,fine_concrete
3529,carpet
3530,soft_tiles
3531,wood
3532,wood
3533,soft_pvc
3534,hard_tiles_large_space
3535,soft_pvc
3536,fine_concrete
3537,fine_concrete
3538,concrete
3539,concrete
3540,fine_concrete
3541,concrete
3542,wood
3543,wood
3544,hard_tiles_large_space
3545,tiled
3546,fine_concrete
3547,wood
3548,concrete
3549,soft_tiles
3550,soft_tiles
3551,fine_concrete
3552,soft_tiles
3553,tiled
3554,wood
3555,concrete
3556,carpet
3557,wood
3558,soft_tiles
3559,fine_concrete
3560,hard_tiles_large_space
3561,concrete
3562,soft_pvc
3563,wood
3564,soft_pvc
3565,soft_tiles
3566,soft_pvc
3567,soft_pvc
3568,soft_pvc
3569,tiled
3570,wood
3571,soft_tiles
3572,wood
3573,concrete
3574,tiled
3575,concrete
3576,wood
3577,tiled
3578,soft_tiles
3579,tiled
3580,wood
3581,concrete
3582,fine_concrete
3583,soft_pvc
3584,carpet
3585,fine_concrete
3586,soft_pvc
3587,fine_concrete
3588,concrete
3589,concrete
3590,wood
3591,concrete
3592,concrete
3593,fine_concrete
3594,concrete
3595,hard_tiles_large_space
3596,fine_concrete
3597,carpet
3598,soft_tiles
3599,hard_tiles_large_space
3600,soft_pvc
3601,tiled
3602,soft_tiles
3603,tiled
3604,concrete
3605,concrete
3606,concrete
3607,soft_pvc
3608,wood
3609,hard_tiles_large_space
3610,carpet
3611,carpet
3612,carpet
3613,tiled
3614,concrete
3615,tiled
3616,soft_pvc
3617,wood
3618,carpet
3619,soft_pvc
3620,hard_tiles_large_space
3621,hard_tiles_large_space
3622,wood
3623,soft_tiles
3624,hard_tiles_large_space
3625,tiled
3626,soft_tiles
3627,soft_pvc
3628,fine_concrete
3629,wood
3630,wood
3631,soft_pvc
3632,concrete
3633,hard_tiles_large_space
3634,fine_concrete
3635,soft_tiles
3636,hard_tiles_large_space
3637,soft_pvc
3638,tiled
3639,carpet
3640,wood
3641,concrete
3642,wood
3643,concrete
3644,fine_concrete
3645,soft_pvc
3646,tiled
3647,hard_tiles
3648,soft_tiles
3649,soft_tiles
3650,soft_pvc
3651,wood
3652,soft_tiles
3653,wood
3654,concrete
3655,concrete
3656,concrete
3657,wood
3658,tiled
3659,concrete
3660,fine_concrete
3661,tiled
3662,wood
3663,fine_concrete
3664,concrete
3665,wood
3666,hard_tiles_large_space
3667,wood
3668,hard_tiles_large_space
3669,concrete
3670,fine_concrete
3671,tiled
3672,wood
3673,hard_tiles_large_space
3674,concrete
3675,fine_concrete
3676,wood
3677,concrete
3678,concrete
3679,fine_concrete
3680,concrete
3681,concrete
3682,concrete
3683,fine_concrete
3684,fine_concrete
3685,hard_tiles_large_space
3686,hard_tiles_large_space
3687,carpet
3688,concrete
3689,carpet
3690,fine_concrete
3691,concrete
3692,fine_concrete
3693,soft_pvc
3694,soft_tiles
3695,soft_tiles
3696,wood
3697,wood
3698,wood
3699,soft_tiles
3700,wood
3701,concrete
3702,soft_tiles
3703,tiled
3704,soft_tiles
3705,fine_concrete
3706,wood
3707,carpet
3708,tiled
3709,concrete
3710,concrete
3711,soft_pvc
3712,soft_pvc
3713,soft_pvc
3714,concrete
3715,fine_concrete
3716,concrete
3717,tiled
3718,concrete
3719,concrete
3720,tiled
3721,soft_tiles
3722,carpet
3723,concrete
3724,wood
3725,soft_pvc
3726,tiled
3727,hard_tiles_large_space
3728,wood
3729,soft_tiles
3730,wood
3731,fine_concrete
3732,fine_concrete
3733,hard_tiles
3734,concrete
3735,soft_pvc
3736,soft_tiles
3737,wood
3738,concrete
3739,soft_tiles
3740,hard_tiles_large_space
3741,concrete
3742,tiled
3743,concrete
3744,concrete
3745,fine_concrete
3746,wood
3747,soft_pvc
3748,fine_concrete
3749,fine_concrete
3750,soft_pvc
3751,wood
3752,wood
3753,soft_pvc
3754,soft_pvc
3755,soft_tiles
3756,wood
3757,soft_pvc
3758,wood
3759,hard_tiles_large_space
3760,tiled
3761,carpet
3762,concrete
3763,fine_concrete
3764,tiled
3765,concrete
3766,wood
3767,wood
3768,soft_tiles
3769,soft_pvc
3770,tiled
3771,wood
3772,carpet
3773,concrete
3774,soft_tiles
3775,tiled
3776,carpet
3777,carpet
3778,wood
3779,soft_pvc
3780,soft_pvc
3781,hard_tiles_large_space
3782,hard_tiles_large_space
3783,soft_pvc
3784,soft_tiles
3785,hard_tiles_large_space
3786,soft_pvc
3787,wood
3788,concrete
3789,fine_concrete
3790,tiled
3791,hard_tiles_large_space
3792,wood
3793,wood
3794,concrete
3795,fine_concrete
3796,concrete
3797,concrete
3798,soft_pvc
3799,hard_tiles_large_space
3800,wood
3801,fine_concrete
3802,wood
3803,concrete
3804,carpet
3805,wood
3806,concrete
3807,soft_pvc
3808,concrete
3809,soft_tiles
3810,concrete
3811,hard_tiles_large_space
3812,soft_pvc
3813,hard_tiles_large_space
3814,tiled
3815,wood
